,precision,recall,f1-score,support
Missing_hole,1.0,1.0,1.0,102.0
Mouse_bite,0.98989898989899,0.98,0.9849246231155778,100.0
Open_circuit,1.0,0.9702970297029703,0.9849246231155778,101.0
Short,0.9803921568627451,0.9900990099009901,0.9852216748768472,101.0
Spur,0.9805825242718447,1.0,0.9901960784313726,101.0
Spurious_copper,0.9803921568627451,0.9900990099009901,0.9852216748768472,101.0
accuracy,0.9884488448844885,0.9884488448844885,0.9884488448844885,0.9884488448844885
macro avg,0.9885443046493876,0.9884158415841585,0.9884147790693704,606.0
weighted avg,0.9885609729828875,0.9884488448844885,0.9884396559289157,606.0
